Title,File Link,Scene,Type,Artist Name
Psyche Vision,Images/ModularLab/PsycheVision,Modular Lab,2D,J. Meyer
Heart of Gold,Images/ModularLab/HeartOfGold,Modular Lab,Skybox,S. Hollasch
Birth of Psyche,Images/ModularLab/BirthOfPsyche,Modular Lab,2D,A. Thornhill
Psyche's Core,Images/ModularLab/PsychesCore,Modular Lab,2D,S. Tennant
Psyche Team Collage/Poster,Images/ModularLab/PsycheTeamCollage,Modular Lab,2D,E. Stabilito
The Arrival,Images/ModularLab/TheArrival,Modular Lab,2D,S. Angel Pitts
Trans World Airlines,Images/ModularLab/TransWorldAirlines,Modular Lab,2D,C. Ponce
The Pieces of Psyche,Images/ModularLab/ThePiecesOfPsyche,Modular Lab,2D,I. Garcia
Sippin' On Psyche,Images/ModularLab/SippinOnPsyche,Modular Lab,3D-AI,E. Stabilito
How Big Is 16 Psyche?,Images/ModularLab/HowBigIs16Psyche,Modular Lab,2D,G. Marshall Wolff
The Formation of Psyche,Images/ModularLab/TheFormationOfPsyche,Modular Lab,2D,B. Young
Psyche 2026,Images/ModularLab/Psyche2026,Modular Lab,2D,Riley Perry
Imagining Psyche Through Crochet,Images/ModularLab/ImaginingPsycheThroughCrochet,Modular Lab,3D-Scan,C. Geisler
Around Psyche Rug,Images/ModularLab/AroundPsycheRug,Modular Lab,3D-AI,Z. Gibson
The Trials of Psyche,Images/ModularLab/TheTrialsOfPsyche,Modular Lab,3D-Scan,A. Miller
Psyche's Souveniers,Images/ModularLab/PsychesSouveniers,Modular Lab,3D-Scan,K. Correa
Textures of Psyche,Images/ModularLab/TexturesOfPsyche,Modular Lab,2D,J. Hall
Metal World Essentials,Images/ModularLab/MetalWorldEssentials,Modular Lab,2D,A. Soriano
Letters to the Universe,Images/ModularLab/LettersToTheUniverse,Modular Lab,2D,A. Soriano
Psyche Launch Newspaper,Images/ModularLab/PsycheLaunchNewspapper,Modular Lab,2D,E. Raut
Soul,Images/InsideGallery/Soul,InsideGallery,2D,P. Murphy
Inovation,Images/InsideGallery/Inovation,InsideGallery,2D,P. Murphy
PsychesWings,Images/InsideGallery/PsychesWings,InsideGallery,2D,T. Cook
ErosAndPsyche,Images/InsideGallery/ErosAndPsyche,InsideGallery,2D,C. Kim
PsycheLaunchNewspaper,Images/InsideGallery/PsycheLaunchNewspaper,InsideGallery,2D,E. Raut
DearPsyche,Images/InsideGallery/DearPsyche,InsideGallery,2D,A. Rizer
PsycheLimericks,Images/InsideGallery/PsycheLimericks,InsideGallery,2D,K. Sanford
Impact,Images/TrainStation/Impact,TrainStation,2D,B. Nguyen
TheVessel,Images/TrainStation/TheVessel,TrainStation,2D,A. Pappas
PsycheAndEros,Images/TrainStation/PsycheAndEros,TrainStation,2D,C. Kim
SoulOfSpace,Images/TrainStation/SoulOfSpace,TrainStation,2D,R. Holdren
AFeministViewOfPsyche,Images/TrainStation/AFeministViewOfPsyche,TrainStation,2D,M. Martin
PsychesCosmicCaptures,Images/TrainStation/PsychesCosmicCaptures,TrainStation,2D,C. Furukawa
HeartAndSoul,Images/TrainStation/HeartAndSoul,TrainStation,2D,G. Walker
OnwardToPsyche,Images/TrainStation/OnwardToPsyche,TrainStation,2D,A. Mayhem
RightPastYou,Images/TrainStation/RightPastYou,TrainStation,2D,Anne Wang
Origins,Images/TrainStation/Origins,TrainStation,2D,V. Keff
Origins2,Images/TrainStation/Origins2,TrainStation,2D,V. Keff
Origins3,Images/TrainStation/Origins3,TrainStation,2D,V. Keff
SiftingTheSelf,Images/TrainStation/SiftingTheSelf,TrainStation,2D,A. Huang
TheFallOfPsyche,Images/TrainStation/TheFallOfPsyche,TrainStation,2D,M. Stoenescu
WhatOnceWasWhatCouldHaveBeen,Images/TrainStation/WhatOnceWasWhatCouldHaveBeen,TrainStation,2D,C. Jeffrey
HumanitysPsyche,Images/TrainStation/HumanitysPsyche,TrainStation,2D,
PsycheBot,Images/TrainStation/PsycheBot,TrainStation,2D,S. Tennant
Transformation,Images/TrainStation/Transformation,TrainStation,2D,B. Flanagan
Textures of Psyche,Images/TrainStation/Textures of Psyche,TrainStation,2D,J. Hall
PsycheCrossword,Images/TrainStation/PsycheCrossword,TrainStation,2D,A. Rizer
PulpPsyche,Images/TrainStation/PulpPsyche,TrainStation,2D,C. Ponce
OrbitsOfPsyche,Images/TrainStation/OrbitsOfPsyche,TrainStation,2D,P. Manley
WhyExplore16Psyche,Images/TrainStation/WhyExplore16Psyche,TrainStation,2D,J. Tsui
Composition,Images/TrainStation/Composition,TrainStation,2D,L. Phillips
MagneticAbstraction,Images/TrainStation/MagneticAbstraction,TrainStation,2D,S. Pitts
CosmicMessengers,Images/TrainStation/CosmicMessengers,TrainStation,2D,V. Keff
GreetingsFromPsyche,Images/TrainStation/GreetingsFromPsyche,TrainStation,2D,M. Pyrdol
